date,currency,tt_buy,tt_sell
2020-01-06,USD,71.65,72.5
2020-01-07,USD,71.32,72.17
2020-01-08,USD,71.6,72.45
2020-01-10,USD,70.55,71.4
2020-01-13,USD,70.45,71.3
2020-01-15,USD,70.6,71.45
2020-01-17,USD,70.58,71.43
2020-01-20,USD,70.68,71.53
2020-01-21,USD,70.77,71.62
2020-01-22,USD,70.76,71.61
2020-01-23,USD,70.82,71.67
2020-01-24,USD,70.92,71.77
2020-01-27,USD,71.05,71.9
2020-01-28,USD,70.99,71.84
2020-01-29,USD,70.83,71.68
2020-01-30,USD,71.0,71.85
2020-01-31,USD,71.06,71.91
2020-02-03,USD,71.2,72.05
2020-02-04,USD,70.85,71.7
2020-02-05,USD,70.82,71.67
2020-02-06,USD,70.85,71.7
2020-02-07,USD,70.87,71.72
2020-02-10,USD,71.0,71.85
2020-02-11,USD,70.85,71.7
2020-02-12,USD,70.82,71.67
2020-02-13,USD,70.99,71.84
2020-02-14,USD,70.9,71.75
2020-02-18,USD,71.0,71.85
2020-02-20,USD,71.35,72.2
2020-02-21,USD,71.3,72.15
2020-02-24,USD,71.5,72.35
2020-02-25,USD,71.44,72.29
2020-02-26,USD,71.3,72.15
2020-02-27,USD,71.22,72.07
2020-02-28,USD,71.7,72.55
2020-03-03,USD,72.45,73.3
2020-03-04,USD,72.9,73.75
2020-03-05,USD,72.95,73.8
2020-03-06,USD,73.5,74.35
2020-03-12,USD,73.78,74.63
2020-03-13,USD,73.7,74.55
2020-03-16,USD,73.7,74.55
2020-03-17,USD,73.76,74.61
2020-03-18,USD,73.85,74.7
2020-03-19,USD,74.6,75.45
2020-03-20,USD,74.42,75.27
2020-03-23,USD,75.65,76.5
2020-03-24,USD,75.6,76.46
2020-03-26,USD,75.05,75.9
2020-03-27,USD,74.0,74.85
2020-03-30,USD,75.05,75.9
2020-03-31,USD,75.05,75.9
2020-04-13,USD,75.9,76.75
2020-04-20,USD,76.0,76.85
2020-04-29,USD,75.3,76.15
2020-04-30,USD,74.7,75.55
2020-05-12,USD,75.25,76.1
2020-06-02,USD,74.75,75.6
2020-06-03,USD,74.7,75.55
2020-06-04,USD,75.15,76.0
2020-06-05,USD,75.0,75.85
2020-06-08,USD,75.24,76.09
2020-06-09,USD,75.1,75.95
2020-06-10,USD,75.1,75.95
2020-06-11,USD,75.35,76.2
2020-06-12,USD,75.65,76.5
2020-06-16,USD,75.7,76.55
2020-06-17,USD,75.87,76.72
2020-06-18,USD,75.75,76.6
2020-06-19,USD,75.85,76.7
2020-06-22,USD,75.8,76.65
2020-06-23,USD,75.45,76.3
2020-06-24,USD,75.24,76.09
2020-06-25,USD,75.33,76.18
2020-06-26,USD,75.13,75.98
2020-06-29,USD,75.22,76.07
2020-06-30,USD,75.08,75.93
2020-07-01,USD,75.12,75.97
2020-07-02,USD,74.4,75.25
2020-07-03,USD,74.5,75.35
2020-07-08,USD,74.6,75.45
2020-07-09,USD,74.55,75.4
2020-07-10,USD,74.72,75.57
2020-07-13,USD,74.8,75.65
2020-07-14,USD,74.87,75.72
2020-07-15,USD,74.95,75.8
2020-07-16,USD,74.8,75.65
2020-07-17,USD,74.83,75.68
2020-07-20,USD,74.55,75.4
2020-07-21,USD,74.35,75.2
2020-07-22,USD,74.2,75.05
2020-07-23,USD,74.25,75.1
2020-07-24,USD,74.52,75.37
2020-07-27,USD,74.5,75.35
2020-07-28,USD,74.45,75.3
2020-07-29,USD,74.45,75.3
2020-07-30,USD,74.42,75.27
2020-07-31,USD,74.35,75.2
2020-08-03,USD,74.5,75.35
2020-08-04,USD,74.79,75.64
2020-08-05,USD,74.55,75.4
2020-08-06,USD,74.42,75.27
2020-08-10,USD,74.55,75.4
2020-08-11,USD,74.46,75.31
2020-08-12,USD,74.35,75.2
2020-08-13,USD,74.42,75.27
2020-08-14,USD,74.45,75.3
2020-08-25,USD,73.95,74.8
2020-08-26,USD,73.9,74.75
2020-08-27,USD,73.55,74.4
2020-08-28,USD,73.0,73.85
2020-08-31,USD,73.2,74.05
2020-09-01,USD,72.65,73.5
2020-09-02,USD,72.7,73.55
2020-09-03,USD,73.0,73.85
2020-09-04,USD,73.05,73.9
2020-09-07,USD,72.75,73.6
2020-09-08,USD,73.25,74.1
2020-09-09,USD,73.25,74.1
2020-09-10,USD,72.8,73.65
2020-09-11,USD,73.1,73.95
2020-09-14,USD,73.05,73.9
2020-09-15,USD,73.0,73.85
2020-09-16,USD,73.2,74.05
2020-09-17,USD,73.3,74.15
2020-09-21,USD,73.02,73.87
2020-09-22,USD,73.1,73.95
2020-09-23,USD,73.18,74.03
2020-09-24,USD,73.4,74.25
2020-09-25,USD,73.4,74.25
2020-09-28,USD,73.28,74.13
2020-09-29,USD,73.35,74.2
2020-09-30,USD,73.4,74.25
2020-10-01,USD,73.21,74.06
2020-10-05,USD,72.77,73.62
2020-10-06,USD,72.8,73.65
2020-10-07,USD,73.13,73.98
2020-10-08,USD,72.95,73.8
2020-10-09,USD,72.77,73.62
2020-10-12,USD,72.7,73.55
2020-10-14,USD,73.0,73.85
2020-10-16,USD,73.05,73.9
2020-10-22,USD,73.3,74.15
2020-10-23,USD,73.25,74.1
2020-10-26,USD,73.37,74.22
2020-10-27,USD,73.52,74.37
2020-10-28,USD,73.3,74.15
2020-10-29,USD,73.65,74.5
2020-11-03,USD,73.95,74.8
2020-11-04,USD,74.45,75.3
2020-11-05,USD,73.85,74.7
2020-11-06,USD,73.63,74.48
2020-11-09,USD,73.55,74.4
2020-11-10,USD,73.65,74.5
2020-11-12,USD,74.25,75.1
2020-11-13,USD,74.25,75.1
2020-11-17,USD,74.05,74.9
2020-11-18,USD,74.1,74.95
2020-11-19,USD,73.9,74.75
2020-11-23,USD,73.76,74.61
2020-11-24,USD,73.55,74.4
2020-11-25,USD,73.6,74.45
2020-11-26,USD,73.43,74.28
2020-11-27,USD,73.41,74.26
2020-12-01,USD,73.58,74.43
2020-12-02,USD,73.33,74.18
2020-12-03,USD,73.4,74.25
2020-12-04,USD,73.45,74.3
2020-12-07,USD,73.4,74.25
2020-12-08,USD,73.43,74.28
2020-12-09,USD,73.23,74.08
2020-12-10,USD,73.3,74.15
2020-12-11,USD,73.25,74.1
2020-12-14,USD,73.23,74.08
2020-12-15,USD,73.23,74.08
2020-12-16,USD,73.1,73.95
2020-12-17,USD,73.15,74.0
2020-12-18,USD,73.16,74.01
2020-12-21,USD,73.55,74.4
2020-12-22,USD,73.5,74.35
2020-12-23,USD,73.5,74.35
2020-12-24,USD,73.27,74.12
2020-12-28,USD,73.1,73.95
2020-12-29,USD,73.05,73.9
2020-12-30,USD,72.97,73.82
2020-12-31,USD,72.79,73.64
2021-01-06,USD,72.8,73.65
2021-01-07,USD,72.72,73.57
2021-01-08,USD,72.98,73.83
2021-01-11,USD,73.02,73.87
2021-01-12,USD,73.01,73.86
2021-01-13,USD,72.77,73.62
2021-01-14,USD,72.79,73.64
2021-01-15,USD,72.67,73.52
2021-01-18,USD,72.81,73.66
2021-01-19,USD,72.77,73.62
2021-01-20,USD,72.7,73.55
2021-01-21,USD,72.53,73.38
2021-01-22,USD,72.63,73.48
2021-01-25,USD,72.57,73.42
2021-01-28,USD,72.7,73.55
2021-01-29,USD,72.58,73.43
2021-02-01,USD,72.48,73.33
2021-02-02,USD,72.68,73.53
2021-02-03,USD,72.58,73.43
2021-02-04,USD,72.52,73.37
2021-02-05,USD,72.6,73.45
2021-02-10,USD,72.48,73.33
2021-02-17,USD,72.52,73.37
2021-02-18,USD,72.3,73.15
2021-02-22,USD,71.95,72.8
2021-02-23,USD,72.0,72.85
2021-02-24,USD,71.96,72.81
2021-02-25,USD,71.93,72.78
2021-02-26,USD,73.2,74.05
2021-03-01,USD,73.26,74.11
2021-03-02,USD,73.04,73.89
2021-03-03,USD,72.65,73.5
2021-03-04,USD,72.4,73.25
2021-03-05,USD,72.5,73.35
2021-03-08,USD,72.8,73.65
2021-03-09,USD,72.6,73.45
2021-03-10,USD,72.54,73.39
2021-03-12,USD,72.32,73.17
2021-03-15,USD,72.32,73.17
2021-03-16,USD,72.09,72.94
2021-03-17,USD,72.13,72.98
2021-03-18,USD,72.03,72.88
2021-03-19,USD,72.1,72.95
2021-03-23,USD,71.95,72.8
2021-03-24,USD,72.14,72.99
2021-03-25,USD,72.25,73.1
2021-03-26,USD,72.13,72.98
2021-03-30,USD,72.9,73.75
2021-03-31,USD,72.85,73.7
2021-04-07,USD,73.35,74.2
2021-04-08,USD,73.9,74.75
2021-04-09,USD,74.35,75.2
2021-04-12,USD,74.52,75.37
2021-04-15,USD,74.85,75.7
2021-04-16,USD,74.1,74.95
2021-04-19,USD,74.28,75.13
2021-04-20,USD,74.4,75.25
2021-04-22,USD,74.9,75.75
2021-04-23,USD,74.4,75.25
2021-04-26,USD,74.4,75.25
2021-04-27,USD,74.3,75.15
2021-04-28,USD,74.15,75.0
2021-04-29,USD,73.7,74.55
2021-04-30,USD,73.75,74.6
2021-05-03,USD,73.6,74.45
2021-05-04,USD,73.52,74.37
2021-05-05,USD,73.45,74.3
2021-05-07,USD,73.2,74.05
2021-05-10,USD,72.93,73.78
2021-05-11,USD,73.08,73.93
2021-05-12,USD,73.08,73.93
2021-05-14,USD,73.04,73.89
2021-05-17,USD,72.9,73.75
2021-05-18,USD,72.6,73.45
2021-05-20,USD,72.78,73.63
2021-05-21,USD,72.62,73.47
2021-05-24,USD,72.43,73.28
2021-05-25,USD,72.45,73.3
2021-05-27,USD,72.35,73.2
2021-05-28,USD,72.13,72.98
2021-05-31,USD,72.0,72.85
2021-06-02,USD,72.85,73.7
2021-06-03,USD,72.67,73.52
2021-06-04,USD,72.65,73.5
2021-06-07,USD,72.5,73.35
2021-06-08,USD,72.4,73.25
2021-06-10,USD,72.59,73.44
2021-06-11,USD,72.55,73.4
2021-06-14,USD,72.84,73.69
2021-06-15,USD,72.8,73.65
2021-06-17,USD,73.25,74.1
2021-06-21,USD,73.85,74.7
2021-06-22,USD,73.95,74.8
2021-06-23,USD,73.95,74.8
2021-06-24,USD,73.85,74.7
2021-06-25,USD,73.77,74.62
2021-06-28,USD,73.84,74.69
2021-06-29,USD,73.85,74.7
2021-06-30,USD,73.85,74.7
2021-07-01,USD,74.0,74.85
2021-07-02,USD,74.2,75.05
2021-07-05,USD,74.1,74.95
2021-07-06,USD,74.15,75.0
2021-07-08,USD,74.4,75.25
2021-07-12,USD,74.1,74.95
2021-07-14,USD,74.15,75.0
2021-07-15,USD,74.1,74.95
2021-07-19,USD,74.35,75.2
2021-07-20,USD,74.5,75.35
2021-07-22,USD,74.05,74.9
2021-07-23,USD,74.1,74.95
2021-07-26,USD,74.08,74.93
2021-08-18,USD,73.93,74.78
2021-08-20,USD,73.97,74.82
2021-08-23,USD,73.87,74.72
2021-08-24,USD,73.73,74.58
2021-08-25,USD,73.78,74.63
2021-08-26,USD,73.82,74.67
2021-08-27,USD,73.78,74.63
2021-08-31,USD,72.85,73.7
2021-09-02,USD,72.64,73.49
2021-09-03,USD,72.68,73.53
2021-09-09,USD,73.35,74.2
2021-09-13,USD,73.22,74.07
2021-09-17,USD,73.1,73.95
2021-09-20,USD,73.4,74.25
2021-09-21,USD,73.2,74.05
2021-09-22,USD,73.3,74.15
2021-09-23,USD,73.4,74.25
2021-09-27,USD,73.32,74.17
2021-09-29,USD,73.79,74.64
2021-09-30,USD,73.85,74.7
2021-10-01,USD,73.9,74.75
2021-10-04,USD,73.76,74.61
2021-10-05,USD,74.2,75.05
2021-10-06,USD,74.18,75.03
2021-10-07,USD,74.4,75.25
2021-10-08,USD,74.15,75.65
2021-10-11,USD,74.9,75.75
2021-10-12,USD,74.8,75.65
2021-10-13,USD,74.98,75.83
2021-10-14,USD,74.88,75.73
2021-10-20,USD,74.75,75.6
2021-10-21,USD,74.48,75.33
2021-10-22,USD,74.45,75.3
2021-10-25,USD,74.55,75.4
2021-10-26,USD,74.65,75.5
2021-10-27,USD,74.6,75.45
2021-10-28,USD,74.5,75.35
2021-10-29,USD,74.4,75.25
2021-11-01,USD,74.55,75.4
2021-11-02,USD,74.45,75.3
2021-11-03,USD,74.25,75.1
2021-11-08,USD,73.65,74.5
2021-11-09,USD,73.55,74.4
2021-11-10,USD,73.75,74.6
2021-11-11,USD,74.05,74.9
2021-11-12,USD,73.98,74.83
2021-11-15,USD,73.98,74.83
2021-11-16,USD,74.05,74.9
2021-11-18,USD,73.8,74.65
2021-11-22,USD,73.92,74.77
2021-11-24,USD,74.12,74.97
2021-11-26,USD,74.2,75.05
2021-11-29,USD,74.5,75.35
2021-12-01,USD,74.58,75.43
2021-12-03,USD,74.6,75.45
2021-12-06,USD,74.8,75.65
2021-12-07,USD,74.92,75.77
2021-12-08,USD,74.95,75.8
2021-12-09,USD,75.05,75.9
2021-12-10,USD,75.2,76.05
2021-12-14,USD,75.45,76.3
2021-12-16,USD,75.85,76.7
2021-12-17,USD,75.79,76.64
2021-12-20,USD,75.71,76.56
2021-12-21,USD,75.35,76.2
2021-12-22,USD,75.15,76.0
2021-12-23,USD,75.05,75.9
2021-12-24,USD,74.72,75.57
2021-12-27,USD,74.72,75.57
2021-12-29,USD,74.35,75.2
2021-12-30,USD,74.15,75.0
2021-12-31,USD,74.05,74.9
2022-01-03,USD,73.99,74.84
2022-01-05,USD,74.18,75.03
2022-01-06,USD,74.08,74.93
2022-01-07,USD,74.0,74.85
2022-01-10,USD,73.76,74.61
2022-01-11,USD,73.55,74.4
2022-01-12,USD,73.38,74.23
2022-01-13,USD,73.5,74.35
2022-01-14,USD,73.6,74.45
2022-01-17,USD,73.78,74.63
2022-01-18,USD,73.95,74.8
2022-01-19,USD,74.25,75.1
2022-01-21,USD,74.12,74.97
2022-01-24,USD,74.0,74.85
2022-01-25,USD,74.22,75.07
2022-01-31,USD,74.3,75.15
2022-02-01,USD,74.2,75.05
2022-02-03,USD,74.45,75.3
2022-02-04,USD,74.32,75.17
2022-02-07,USD,74.3,75.15
2022-02-09,USD,74.3,75.15
2022-02-10,USD,74.47,75.32
2022-02-11,USD,75.05,75.9
2022-02-14,USD,75.15,76.0
2022-02-15,USD,75.2,76.05
2022-02-17,USD,74.75,75.6
2022-02-18,USD,74.7,75.55
2022-02-21,USD,74.15,75.0
2022-02-22,USD,74.35,75.2
2022-02-23,USD,74.25,75.1
2022-02-24,USD,74.95,75.8
2022-02-25,USD,74.52,76.02
2022-02-28,USD,74.95,75.8
2022-03-02,USD,75.4,76.25
2022-03-03,USD,75.35,76.2
2022-03-04,USD,75.65,76.5
2022-03-07,USD,76.56,77.41
2022-03-08,USD,76.45,77.3
2022-03-09,USD,76.5,77.35
2022-03-10,USD,75.9,76.75
2022-03-11,USD,76.2,77.05
2022-03-14,USD,76.25,77.1
2022-03-15,USD,76.0,76.85
2022-03-16,USD,76.0,76.85
2022-03-17,USD,75.6,76.45
2022-03-21,USD,75.68,76.53
2022-03-22,USD,75.8,76.65
2022-03-23,USD,75.62,76.47
2022-03-24,USD,75.98,76.83
2022-03-25,USD,75.8,76.65
2022-03-28,USD,75.8,76.65
2022-03-29,USD,75.58,76.43
2022-03-30,USD,75.23,76.08
2022-03-31,USD,75.32,76.17
2022-04-04,USD,75.2,76.05
2022-04-05,USD,75.1,75.95
2022-04-06,USD,75.1,75.95
2022-04-07,USD,75.51,76.36
2022-04-08,USD,75.5,76.35
2022-04-11,USD,75.55,76.4
2022-04-12,USD,75.65,76.5
2022-04-13,USD,75.77,76.62
2022-04-18,USD,76.0,76.85
2022-04-19,USD,75.9,76.75
2022-04-21,USD,75.85,76.7
2022-04-22,USD,75.9,76.75
2022-04-25,USD,76.2,77.05
2022-04-26,USD,76.25,77.1
2022-04-27,USD,76.25,77.1
2022-04-28,USD,76.2,77.05
2022-04-29,USD,76.0,76.85
2022-05-04,USD,76.05,76.9
2022-05-05,USD,75.75,76.6
2022-05-06,USD,76.23,77.08
2022-05-09,USD,77.0,77.85
2022-05-11,USD,76.8,77.65
2022-05-12,USD,77.1,77.95
2022-05-13,USD,76.95,77.8
2022-05-17,USD,77.2,78.05
2022-05-18,USD,77.17,78.02
2022-05-19,USD,77.3,78.15
2022-05-20,USD,77.1,77.95
2022-05-23,USD,77.2,78.05
2022-05-24,USD,77.15,78.0
2022-05-25,USD,77.15,78.0
2022-05-26,USD,77.15,78.0
2022-05-27,USD,77.2,78.05
2022-05-30,USD,77.13,77.98
2022-05-31,USD,77.25,78.1
2022-06-02,USD,77.2,78.05
2022-06-03,USD,77.05,77.9
2022-06-06,USD,77.25,78.1
2022-06-07,USD,77.33,78.18
2022-06-08,USD,77.3,78.15
2022-06-09,USD,77.35,78.2
2022-06-10,USD,77.4,78.25
2022-06-13,USD,77.78,78.63
2022-06-14,USD,77.61,78.46
2022-06-15,USD,77.6,78.45
2022-06-16,USD,77.65,78.5
2022-06-17,USD,77.65,78.5
2022-06-20,USD,77.58,78.43
2022-06-21,USD,77.6,78.45
2022-06-22,USD,77.72,78.57
2022-06-23,USD,77.85,78.7
2022-06-24,USD,77.83,78.68
2022-06-27,USD,77.83,78.68
2022-06-28,USD,78.25,79.1
2022-06-29,USD,78.45,79.3
2022-06-30,USD,78.5,79.35
2022-07-01,USD,78.6,79.45
2022-07-04,USD,78.55,79.4
2022-07-05,USD,78.6,79.45
2022-07-06,USD,78.85,79.7
2022-07-07,USD,78.8,79.65
2022-07-08,USD,78.9,79.75
2022-07-11,USD,78.9,79.75
2022-07-12,USD,79.15,80.0
2022-07-13,USD,79.15,80.0
2022-07-14,USD,79.35,80.2
2022-07-15,USD,79.55,80.4
2022-07-18,USD,79.4,80.25
2022-07-19,USD,79.55,80.4
2022-07-20,USD,79.54,80.39
2022-07-21,USD,79.61,80.46
2022-07-22,USD,79.48,80.33
2022-07-25,USD,79.45,80.3
2022-07-26,USD,79.33,80.18
2022-07-27,USD,79.42,80.27
2022-07-29,USD,78.85,79.7
2022-08-02,USD,78.25,79.1
2022-08-03,USD,78.55,79.4
2022-08-04,USD,79.25,80.1
2022-08-05,USD,78.85,79.7
2022-08-10,USD,79.18,80.03
2022-08-11,USD,79.05,79.9
2022-08-17,USD,78.86,79.71
2022-08-18,USD,79.2,80.05
2022-08-19,USD,79.35,80.2
2022-08-22,USD,79.45,80.3
2022-08-23,USD,79.44,80.29
2022-08-24,USD,79.45,80.3
2022-08-25,USD,79.43,80.28
2022-08-26,USD,79.45,80.3
2022-08-29,USD,79.68,80.53
2022-08-30,USD,79.1,79.95
2022-09-01,USD,79.12,79.97
2022-09-02,USD,79.23,80.08
2022-09-05,USD,79.42,80.27
2022-09-06,USD,79.4,80.25
2022-09-07,USD,79.47,80.32
2022-09-09,USD,79.26,80.11
2022-09-12,USD,79.15,80.0
2022-09-13,USD,78.9,79.75
2022-09-14,USD,79.22,80.07
2022-09-15,USD,79.1,79.95
2022-09-16,USD,79.4,80.25
2022-09-19,USD,79.27,80.12
2022-09-20,USD,79.29,80.14
2022-09-21,USD,79.41,80.26
2022-09-22,USD,80.1,80.95
2022-09-23,USD,80.5,81.35
2022-09-26,USD,81.15,82.0
2022-09-27,USD,81.09,81.94
2022-09-28,USD,81.5,82.35
2022-09-29,USD,81.4,82.25
2022-09-30,USD,81.22,82.07
2022-10-01,USD,81.2,82.05
2022-10-03,USD,81.3,82.15
2022-10-04,USD,81.25,82.1
2022-10-06,USD,81.3,82.15
2022-10-07,USD,82.0,82.85
2022-10-10,USD,82.0,82.85
2022-10-11,USD,82.0,82.85
2022-10-12,USD,81.9,82.75
2022-10-13,USD,81.9,82.75
2022-10-15,USD,81.9,82.75
2022-10-17,USD,81.93,82.78
2022-10-18,USD,81.8,82.65
2022-10-19,USD,82.5,83.35
2022-10-20,USD,82.55,83.4
2022-10-21,USD,82.25,83.1
2022-10-25,USD,82.3,83.15
2022-10-27,USD,81.9,82.75
2022-10-28,USD,81.92,82.77
2022-10-29,USD,81.95,82.8
2022-10-31,USD,82.28,83.13
2022-11-01,USD,82.33,83.18
2022-11-02,USD,82.25,83.1
2022-11-03,USD,82.5,83.35
2022-11-04,USD,82.25,83.1
2022-11-05,USD,81.7,82.55
2022-11-07,USD,81.6,82.45
2022-11-09,USD,80.9,81.75
2022-11-10,USD,81.4,82.25
2022-11-11,USD,80.48,81.33
2022-11-14,USD,80.7,81.55
2022-11-15,USD,80.7,81.55
2022-11-16,USD,81.0,81.85
2022-11-17,USD,81.08,81.93
2022-11-18,USD,81.2,82.05
2022-11-19,USD,81.2,82.05
2022-11-21,USD,81.45,82.3
2022-11-22,USD,81.35,82.2
2022-11-23,USD,81.37,82.22
2022-11-24,USD,81.3,82.15
2022-11-25,USD,81.15,82.0
2022-11-28,USD,81.28,82.13
2022-11-29,USD,81.2,82.05
2022-11-30,USD,81.24,82.09
2022-12-01,USD,80.7,81.55
2022-12-02,USD,80.74,81.59
2022-12-03,USD,80.95,81.8
2022-12-05,USD,81.3,82.15
2022-12-06,USD,82.05,82.9
2022-12-07,USD,82.3,83.15
2022-12-08,USD,81.95,82.8
2022-12-09,USD,81.9,82.75
2022-12-12,USD,82.13,82.98
2022-12-13,USD,82.25,83.1
2022-12-14,USD,82.2,83.05
2022-12-15,USD,82.22,83.07
2022-12-16,USD,82.4,83.25
2022-12-17,USD,82.3,83.15
2022-12-19,USD,82.4,83.25
2022-12-20,USD,82.27,83.12
2022-12-21,USD,82.37,83.22
2022-12-22,USD,82.37,83.22
2022-12-23,USD,82.4,83.25
2022-12-26,USD,82.37,83.22
2022-12-27,USD,82.32,83.17
2022-12-28,USD,82.44,83.29
2022-12-29,USD,82.44,83.29
2022-12-30,USD,82.36,83.21
2022-12-31,USD,82.3,83.15
2023-01-02,USD,82.25,83.1
2023-01-03,USD,82.3,83.15
2023-01-04,USD,82.35,83.2
2023-01-05,USD,82.36,83.21
2023-01-06,USD,82.15,83.0
2023-01-07,USD,81.9,82.75
2023-01-09,USD,81.9,82.75
2023-01-10,USD,81.6,82.45
2023-01-11,USD,81.26,82.11
2023-01-16,USD,81.25,82.1
2023-01-17,USD,81.38,82.23
2023-01-18,USD,81.35,82.2
2023-01-19,USD,80.97,81.82
2023-01-20,USD,80.8,81.65
2023-01-23,USD,81.0,81.85
2023-01-24,USD,81.15,82.0
2023-01-25,USD,81.2,82.05
2023-01-27,USD,81.1,81.95
2023-01-30,USD,81.25,82.1
2023-01-31,USD,81.2,82.05
2023-02-01,USD,81.38,82.23
2023-02-02,USD,81.6,82.45
2023-02-03,USD,81.4,82.25
2023-02-04,USD,81.8,82.65
2023-02-06,USD,82.25,83.1
2023-02-07,USD,82.25,83.1
2023-02-09,USD,82.18,83.03
2023-02-13,USD,82.3,83.15
2023-02-15,USD,82.5,83.35
2023-02-17,USD,82.39,83.24
2023-02-20,USD,82.3,83.15
2023-02-21,USD,82.35,83.2
2023-02-22,USD,82.42,83.27
2023-02-23,USD,82.38,83.23
2023-02-24,USD,82.28,83.13
2023-02-27,USD,82.47,83.32
2023-02-28,USD,82.3,83.15
2023-03-01,USD,82.08,82.93
2023-03-02,USD,82.17,83.02
2023-03-03,USD,81.65,82.5
2023-03-04,USD,81.4,82.25
2023-03-06,USD,81.4,82.25
2023-03-08,USD,81.65,82.5
2023-03-09,USD,81.52,82.37
2023-03-10,USD,81.73,82.58
2023-03-13,USD,81.75,82.6
2023-03-14,USD,81.86,82.71
2023-03-15,USD,82.12,82.97
2023-03-16,USD,82.37,83.22
2023-03-17,USD,82.12,82.97
2023-03-20,USD,82.25,83.1
2023-03-21,USD,82.15,83.0
2023-03-23,USD,81.75,82.6
2023-03-24,USD,81.9,82.75
2023-03-27,USD,81.96,82.81
2023-03-28,USD,81.76,82.61
2023-03-29,USD,81.85,82.7
2023-03-31,USD,81.72,82.57
2023-04-03,USD,82.0,82.9
2023-04-05,USD,81.68,82.53
2023-04-06,USD,81.54,82.39
2023-04-10,USD,81.47,82.32
2023-04-11,USD,81.56,82.41
2023-04-12,USD,81.65,82.5
2023-04-13,USD,81.6,82.45
2023-04-15,USD,81.4,82.25
2023-04-17,USD,81.49,82.34
2023-04-18,USD,81.62,82.47
2023-04-19,USD,81.7,82.55
2023-04-20,USD,81.83,82.68
2023-04-21,USD,81.72,82.57
2023-04-24,USD,81.69,82.54
2023-04-25,USD,81.48,82.33
2023-04-26,USD,81.3,82.15
2023-04-27,USD,81.31,82.16
2023-04-28,USD,81.38,82.23
2023-04-29,USD,81.35,82.2
2023-05-02,USD,81.35,82.2
2023-05-03,USD,81.38,82.23
2023-05-04,USD,81.27,82.12
2023-05-06,USD,81.3,82.15
2023-05-08,USD,81.35,82.2
2023-05-09,USD,81.7,82.55
2023-05-10,USD,81.66,82.51
2023-05-11,USD,81.56,82.41
2023-05-12,USD,81.7,82.55
2023-05-15,USD,81.82,82.67
2023-05-16,USD,81.83,82.68
2023-05-17,USD,81.9,82.75
2023-05-18,USD,82.15,83.0
2023-05-19,USD,82.31,83.16
2023-05-20,USD,82.4,83.25
2023-05-22,USD,82.39,83.24
2023-05-23,USD,82.44,83.29
2023-05-24,USD,82.43,83.28
2023-05-25,USD,82.35,83.2
2023-05-26,USD,82.33,83.18
2023-05-29,USD,82.19,83.04
2023-05-30,USD,82.26,83.11
2023-05-31,USD,82.32,83.17
2023-06-01,USD,82.1,82.95
2023-06-02,USD,81.94,82.79
2023-06-03,USD,81.98,82.83
2023-06-05,USD,82.08,82.93
2023-06-06,USD,82.16,83.01
2023-06-07,USD,82.16,83.01
2023-06-08,USD,82.21,83.06
2023-06-09,USD,82.08,82.93
2023-06-12,USD,82.05,82.9
2023-06-13,USD,82.02,82.87
2023-06-14,USD,81.9,82.75
2023-06-15,USD,81.75,82.6
2023-06-16,USD,81.59,82.44
2023-06-17,USD,81.52,82.37
2023-06-19,USD,81.54,82.39
2023-06-20,USD,81.63,82.48
2023-06-21,USD,81.72,82.57
2023-06-22,USD,81.54,82.39
2023-06-23,USD,81.67,82.52
2023-06-26,USD,81.62,82.47
2023-06-28,USD,81.6,82.45
2023-06-30,USD,81.63,82.48
2023-07-01,USD,81.69,82.54
2023-07-03,USD,81.45,82.3
2023-07-04,USD,81.52,82.37
2023-07-05,USD,81.66,82.51
2023-07-06,USD,81.95,82.8
2023-07-07,USD,82.25,83.1
2023-07-10,USD,82.25,83.1
2023-07-11,USD,82.01,82.86
2023-07-12,USD,81.88,82.73
2023-07-13,USD,81.57,82.42
2023-07-14,USD,81.54,82.39
2023-07-17,USD,81.74,82.59
2023-07-18,USD,81.6,82.45
2023-07-19,USD,81.7,82.55
2023-07-20,USD,81.62,82.47
2023-07-21,USD,81.62,82.47
2023-07-24,USD,81.62,82.47
2023-07-25,USD,81.33,82.18
2023-07-26,USD,81.49,82.34
2023-07-27,USD,81.53,82.38
2023-07-28,USD,81.85,82.7
2023-07-31,USD,81.82,82.67
2023-08-01,USD,81.92,82.77
2023-08-02,USD,82.12,82.97
2023-08-03,USD,82.3,83.15
2023-08-04,USD,82.34,83.19
2023-08-05,USD,82.3,83.15
2023-08-07,USD,82.32,83.17
2023-08-08,USD,82.4,83.25
2023-08-09,USD,82.43,83.28
2023-08-10,USD,82.41,83.26
2023-08-11,USD,82.34,83.19
2023-08-14,USD,82.62,83.47
2023-08-17,USD,82.6,83.45
2023-08-18,USD,82.63,83.48
2023-08-19,USD,82.7,83.55
2023-08-21,USD,82.65,83.5
2023-08-22,USD,82.67,83.52
2023-08-23,USD,82.4,83.25
2023-08-24,USD,82.07,82.92
2023-08-25,USD,82.22,83.07
2023-08-28,USD,82.15,83.0
2023-08-30,USD,82.26,83.11
2023-08-31,USD,82.25,83.1
2023-09-01,USD,82.18,83.03
2023-09-02,USD,82.3,83.15
2023-09-04,USD,82.28,83.13
2023-09-05,USD,82.55,83.4
2023-09-06,USD,82.62,83.47
2023-09-07,USD,82.7,83.55
2023-09-08,USD,82.6,83.45
2023-09-11,USD,82.53,83.38
2023-09-12,USD,82.55,83.4
2023-09-13,USD,82.53,83.38
2023-09-14,USD,82.58,83.43
2023-09-15,USD,82.64,83.49
2023-09-16,USD,82.7,83.55
2023-09-18,USD,82.7,83.55
2023-09-20,USD,82.81,83.66
2023-09-22,USD,82.45,83.3
2023-09-25,USD,82.65,83.5
2023-09-26,USD,82.8,83.65
2023-09-27,USD,82.8,83.65
2023-09-28,USD,82.83,83.68
2023-09-30,USD,82.75,83.6
2023-10-03,USD,82.81,83.66
2023-10-04,USD,82.82,83.67
2023-10-05,USD,82.81,83.66
2023-10-06,USD,82.82,83.67
2023-10-07,USD,82.71,83.56
2023-10-09,USD,82.82,83.67
2023-10-10,USD,82.82,83.67
2023-10-11,USD,82.79,83.67
2023-10-12,USD,82.77,83.62
2023-10-13,USD,82.84,83.69
2023-10-16,USD,82.85,83.7
2023-10-17,USD,82.83,83.68
2023-10-18,USD,82.83,83.68
2023-10-19,USD,82.86,83.71
2023-10-20,USD,82.78,83.63
2023-10-21,USD,82.75,83.6
2023-10-23,USD,82.76,83.61
2023-10-25,USD,82.68,83.53
2023-10-26,USD,82.8,83.65
2023-10-27,USD,82.83,83.68
2023-10-30,USD,82.85,83.7
2023-10-31,USD,82.86,83.71
2023-11-01,USD,82.87,83.72
2023-11-02,USD,82.83,83.68
2023-11-03,USD,82.83,83.68
2023-11-04,USD,82.78,83.63
2023-11-06,USD,82.75,83.6
2023-11-07,USD,82.83,83.68
2023-11-09,USD,82.86,83.71
2023-11-10,USD,82.88,83.73
2023-11-13,USD,82.9,83.75
2023-11-15,USD,82.67,83.52
2023-11-16,USD,82.78,83.63
2023-11-17,USD,82.82,83.67
2023-11-18,USD,82.89,83.74
2023-11-20,USD,82.87,83.72
2023-11-21,USD,82.92,83.77
2023-11-22,USD,82.91,83.76
2023-11-23,USD,82.88,83.73
2023-11-24,USD,82.94,83.79
2023-11-28,USD,82.97,83.82
2023-11-29,USD,82.92,83.77
2023-11-30,USD,82.92,83.77
2023-12-01,USD,82.88,83.73
2023-12-02,USD,82.82,83.67
2023-12-04,USD,82.87,83.72
2023-12-05,USD,82.98,83.83
2023-12-06,USD,82.95,83.8
2023-12-07,USD,82.96,83.81
2023-12-08,USD,82.95,83.8
2023-12-11,USD,82.98,83.83
2023-12-12,USD,82.97,83.82
2023-12-13,USD,82.98,83.83
2023-12-14,USD,82.9,83.75
2023-12-15,USD,82.75,83.6
2023-12-16,USD,82.65,83.5
2023-12-18,USD,82.57,83.42
2023-12-19,USD,82.78,83.63
2023-12-20,USD,82.77,83.62
2023-12-21,USD,82.78,83.63
2023-12-22,USD,82.85,83.7
2023-12-26,USD,82.77,83.62
2023-12-27,USD,82.81,83.66
2023-12-28,USD,82.88,83.73
2023-12-29,USD,82.76,83.61
2023-12-30,USD,82.78,83.63
2024-01-01,USD,82.78,83.63
2024-01-02,USD,82.86,83.71
2024-01-03,USD,82.91,83.76
2024-01-04,USD,82.84,83.69
2024-01-05,USD,82.84,83.69
2024-01-06,USD,82.74,83.59
2024-01-08,USD,82.71,83.56
2024-01-09,USD,82.66,83.51
2024-01-10,USD,82.74,83.59
2024-01-11,USD,82.66,83.51
2024-01-12,USD,82.68,83.53
2024-01-15,USD,82.43,83.28
2024-01-16,USD,82.55,83.4
2024-01-17,USD,82.73,83.58
2024-01-18,USD,82.73,83.58
2024-01-19,USD,82.75,83.6
2024-01-20,USD,82.68,83.53
2024-01-23,USD,82.73,83.58
2024-01-24,USD,82.75,83.6
2024-01-25,USD,82.73,83.58
2024-01-29,USD,82.74,83.59
2024-01-30,USD,82.74,83.59
2024-01-31,USD,82.72,83.57
2024-02-01,USD,82.63,83.48
2024-02-02,USD,82.52,83.37
2024-02-03,USD,82.6,83.45
2024-02-05,USD,82.64,83.49
2024-02-06,USD,82.64,83.49
2024-02-07,USD,82.64,83.49
2024-02-08,USD,82.56,83.41
2024-02-09,USD,82.57,83.42
2024-02-12,USD,82.63,83.48
2024-02-13,USD,82.59,83.44
2024-02-14,USD,82.7,83.55
2024-02-15,USD,82.6,83.45
2024-02-16,USD,82.63,83.48
2024-02-17,USD,82.61,83.46
2024-02-20,USD,82.62,83.47
2024-02-21,USD,82.51,83.36
2024-02-22,USD,82.54,83.39
2024-02-23,USD,82.46,83.31
2024-02-26,USD,82.49,83.34
2024-02-27,USD,82.48,83.33
2024-02-28,USD,82.5,83.35
2024-02-29,USD,82.49,83.34
2024-03-01,USD,82.47,83.32
2024-03-02,USD,82.45,83.3
2024-03-04,USD,82.46,83.31
2024-03-05,USD,82.5,83.35
2024-03-06,USD,82.51,83.36
2024-03-07,USD,82.42,83.27
2024-03-11,USD,82.32,83.17
2024-03-12,USD,82.33,83.18
2024-03-13,USD,82.42,83.27
2024-03-14,USD,82.44,83.29
2024-03-15,USD,82.55,83.4
2024-03-16,USD,82.49,83.34
2024-03-18,USD,82.45,83.3
2024-03-19,USD,82.54,83.39
2024-03-20,USD,82.61,83.46
2024-03-21,USD,82.68,83.53
2024-03-22,USD,82.88,83.73
2024-03-26,USD,82.95,83.8
2024-03-27,USD,82.93,83.78
2024-03-28,USD,82.93,83.78
2024-03-30,USD,82.95,83.8
2024-04-02,USD,82.97,83.82
2024-04-03,USD,82.97,83.82
2024-04-04,USD,83.03,83.88
2024-04-05,USD,83.04,83.89
2024-04-06,USD,82.92,83.77
2024-04-08,USD,82.87,83.72
2024-04-10,USD,82.82,83.67
2024-04-12,USD,82.96,83.81
2024-04-15,USD,83.04,83.89
2024-04-16,USD,83.1,83.95
2024-04-18,USD,83.1,83.95
2024-04-19,USD,83.17,84.02
2024-04-20,USD,82.97,83.82
2024-04-22,USD,83.01,83.86
2024-04-23,USD,82.97,83.82
2024-04-24,USD,82.9,83.75
2024-04-25,USD,82.94,83.79
2024-04-26,USD,82.9,83.75
2024-05-02,USD,83.03,83.88
2024-05-03,USD,82.99,83.84
2024-05-04,USD,82.98,83.83
2024-05-07,USD,83.08,83.93
2024-05-08,USD,83.1,83.95
2024-05-09,USD,83.09,83.94
2024-05-10,USD,83.08,83.93
2024-05-13,USD,83.11,83.96
2024-05-14,USD,83.11,83.96
2024-05-15,USD,83.09,83.94
2024-05-16,USD,83.05,83.9
2024-05-17,USD,83.1,83.95
2024-05-18,USD,82.95,83.8
2024-05-21,USD,82.91,83.76
2024-05-22,USD,82.91,83.76
2024-05-24,USD,82.85,83.7
2024-05-27,USD,82.69,83.54
2024-05-28,USD,82.74,83.59
2024-05-29,USD,82.82,83.67
2024-05-30,USD,83.02,83.87
2024-05-31,USD,83.05,83.9
2024-06-01,USD,83.0,83.85
2024-06-03,USD,82.61,83.46
2024-06-04,USD,83.05,83.9
2024-06-04,USD,83.15,84.0
2024-06-05,USD,83.05,83.9
2024-06-06,USD,83.0,83.85
2024-06-07,USD,83.05,83.9
2024-06-10,USD,83.09,83.94
2024-06-12,USD,83.1,83.95
2024-06-13,USD,83.13,83.98
2024-06-14,USD,83.14,83.99
2024-06-15,USD,83.15,84.0
2024-06-18,USD,83.12,83.97
2024-06-19,USD,82.98,83.83
2024-06-20,USD,83.2,84.05
2024-06-21,USD,83.19,84.04
2024-06-24,USD,83.08,83.93
2024-06-25,USD,83.09,83.94
2024-06-26,USD,83.05,83.9
2024-06-27,USD,83.12,83.97
2024-06-28,USD,83.0,83.85
2024-06-29,USD,83.0,83.85
2024-07-01,USD,82.99,83.84
2024-07-02,USD,83.11,83.96
2024-07-03,USD,83.12,83.97
2024-07-04,USD,83.13,83.98
2024-07-05,USD,83.06,83.91
2024-07-06,USD,83.06,83.91
2024-07-08,USD,83.05,83.9
2024-07-09,USD,83.08,83.93
2024-07-10,USD,83.1,83.95
2024-07-11,USD,83.1,83.95
2024-07-12,USD,83.14,83.99
2024-07-15,USD,83.14,83.99
2024-07-16,USD,83.19,84.04
2024-07-18,USD,83.18,84.03
2024-07-19,USD,83.23,84.08
2024-07-20,USD,83.3,84.15
2024-07-22,USD,83.27,84.12
2024-07-23,USD,83.24,84.09
2024-07-24,USD,83.29,84.14
2024-07-25,USD,83.31,84.16
2024-07-26,USD,83.33,84.18
2024-07-29,USD,83.31,84.16
2024-07-30,USD,83.33,84.18
2024-07-31,USD,83.32,84.17
2024-08-01,USD,83.28,84.13
2024-08-02,USD,83.33,84.18
2024-08-03,USD,83.35,84.2
2024-08-05,USD,83.4,84.25
2024-08-06,USD,83.46,84.31
2024-08-07,USD,83.48,84.33
2024-08-08,USD,83.54,84.39
2024-08-09,USD,83.55,84.4
2024-08-12,USD,83.55,84.4
2024-08-13,USD,83.55,84.4
2024-08-14,USD,83.51,84.36
2024-08-16,USD,83.54,84.39
2024-08-17,USD,83.5,84.35
2024-08-19,USD,83.49,84.34
2024-08-20,USD,83.46,84.31
2024-08-21,USD,83.41,84.26
2024-08-22,USD,83.53,84.38
2024-08-23,USD,83.53,84.38
2024-08-26,USD,83.42,84.27
2024-08-27,USD,83.53,84.38
2024-08-28,USD,83.54,84.39
2024-08-29,USD,83.52,84.37
2024-08-30,USD,83.44,84.29
2024-08-31,USD,83.5,84.35
2024-09-02,USD,83.47,84.32
2024-09-03,USD,83.53,84.38
2024-09-04,USD,83.55,84.4
2024-09-05,USD,83.57,84.42
2024-09-06,USD,83.57,84.42
2024-09-09,USD,83.56,84.41
2024-09-10,USD,83.55,84.4
2024-09-11,USD,83.56,84.41
2024-09-12,USD,83.57,84.42
2024-09-13,USD,83.52,84.37
2024-09-16,USD,83.49,84.34
2024-09-17,USD,83.47,84.32
2024-09-19,USD,83.25,84.1
2024-09-20,USD,83.1,83.95
2024-09-20,USD,83.1,83.95
2024-09-21,USD,83.1,83.95
2024-09-23,USD,83.05,83.9
2024-09-24,USD,83.2,84.05
2024-09-25,USD,83.18,84.03
2024-09-26,USD,83.25,84.1
2024-09-27,USD,83.25,84.1
2024-09-30,USD,83.3,84.15
2024-10-01,USD,83.41,84.26
2024-10-03,USD,83.51,84.36
2024-10-04,USD,83.55,84.4
2024-10-05,USD,83.6,84.45
2024-10-07,USD,83.56,84.41
2024-10-08,USD,83.57,84.42
2024-10-09,USD,83.53,84.38
2024-10-10,USD,83.55,84.4
2024-10-11,USD,83.56,84.41
2024-10-14,USD,83.66,84.51
2024-10-15,USD,83.66,84.51
2024-10-16,USD,83.65,84.5
2024-10-17,USD,83.62,84.47
2024-10-18,USD,83.66,84.51
2024-10-19,USD,83.66,84.51
2024-10-21,USD,83.65,84.5
2024-10-22,USD,83.67,84.52
2024-10-23,USD,83.67,84.52
2024-10-24,USD,83.66,84.51
2024-10-25,USD,83.67,84.52
2024-10-28,USD,83.68,84.53
2024-10-29,USD,83.68,84.53
2024-10-30,USD,83.67,84.52
2024-10-31,USD,83.68,84.53
2024-11-04,USD,83.67,84.52
2024-11-05,USD,83.7,84.55
2024-11-06,USD,83.75,84.6
2024-11-07,USD,83.86,84.71
2024-11-08,USD,83.95,84.8
2024-11-11,USD,83.98,84.83
2024-11-12,USD,83.99,84.84
2024-11-13,USD,84.0,84.85
2024-11-14,USD,84.0,84.85
2024-11-18,USD,84.0,84.85
2024-11-19,USD,84.0,84.85
2024-11-21,USD,84.01,84.86
2024-11-22,USD,84.09,84.94
2024-11-25,USD,83.95,84.8
2024-11-26,USD,83.85,84.7
2024-11-26,USD,83.9,84.75
2024-11-27,USD,84.0,84.85
2024-11-28,USD,84.05,84.9
2024-11-29,USD,84.09,84.94
2024-11-30,USD,84.15,85.0
2024-12-02,USD,84.16,85.01
2024-12-03,USD,84.25,85.1
2024-12-04,USD,84.3,85.15
2024-12-05,USD,84.32,85.17
2024-12-06,USD,84.25,85.1
2024-12-07,USD,84.27,85.12
2024-12-09,USD,84.32,85.17
2024-12-10,USD,84.38,85.23
2024-12-11,USD,84.45,85.3
2024-12-12,USD,84.45,85.3
2024-12-13,USD,84.46,85.31
2024-12-16,USD,84.42,85.27
2024-12-17,USD,84.49,85.34
2024-12-18,USD,84.51,85.36
2024-12-19,USD,84.62,85.47
2024-12-20,USD,84.55,85.4
2024-12-21,USD,84.6,85.45
2024-12-23,USD,84.6,85.45
2024-12-24,USD,84.7,85.55
2024-12-26,USD,84.85,85.7
2024-12-27,USD,85.15,86.0
2024-12-30,USD,85.1,85.95
2024-12-31,USD,85.2,86.05
2025-01-01,USD,85.22,86.07
2025-01-02,USD,85.3,86.15
2025-01-03,USD,85.38,86.23
2025-01-04,USD,85.35,86.2
2025-01-06,USD,85.38,86.23
2025-01-07,USD,85.39,86.24
2025-01-08,USD,85.4,86.25
2025-01-09,USD,85.52,86.37
2025-01-10,USD,85.48,86.33
2025-01-13,USD,85.95,86.8
2025-01-14,USD,86.25,87.1
2025-01-15,USD,85.95,86.8
2025-01-16,USD,86.0,86.85
2025-01-17,USD,86.2,87.05
2025-01-18,USD,86.2,87.05
2025-01-20,USD,86.1,86.95
2025-01-21,USD,86.1,86.95
2025-01-22,USD,86.15,87.0
2025-01-22,USD,86.0,86.85
2025-01-23,USD,86.05,86.9
2025-01-24,USD,85.8,86.65
2025-01-27,USD,85.95,86.8
2025-01-28,USD,86.1,86.95
2025-01-29,USD,86.2,87.05
2025-01-30,USD,86.15,87.0
2025-01-31,USD,86.2,87.05
2025-02-01,USD,86.2,87.05
2025-02-03,USD,86.8,87.65
2025-02-04,USD,86.6,87.45
2025-02-05,USD,87.0,87.85
2025-02-06,USD,87.1,87.95
2025-02-07,USD,87.05,87.9
2025-02-10,USD,87.1,87.95
2025-02-11,USD,86.35,87.2
2025-02-12,USD,86.3,87.15
2025-02-13,USD,86.4,87.25
2025-02-14,USD,86.45,87.3
2025-02-14,USD,86.45,87.3
2025-02-15,USD,86.3,87.15
2025-02-17,USD,86.28,87.13
2025-02-18,USD,86.5,87.35
2025-02-20,USD,86.25,87.1
2025-02-21,USD,86.3,87.15
2025-02-24,USD,86.2,87.05
2025-02-25,USD,86.7,87.55
2025-02-27,USD,86.85,87.7
2025-02-28,USD,86.95,87.8
2025-03-01,USD,87.1,87.95
2025-03-03,USD,86.95,87.8
2025-03-04,USD,86.95,87.8
2025-03-05,USD,86.65,87.5
2025-03-06,USD,86.7,87.55
2025-03-07,USD,86.7,87.55
2025-03-07,USD,86.5,87.35
2025-03-10,USD,86.87,87.72
2025-03-11,USD,86.98,87.83
2025-03-12,USD,86.85,87.7
2025-03-13,USD,86.75,87.6
2025-03-15,USD,86.55,87.4
2025-03-17,USD,86.5,87.35
2025-03-18,USD,86.15,87.0
2025-03-19,USD,86.25,87.1
2025-03-20,USD,85.8,86.65
2025-03-21,USD,85.6,86.45
2025-03-24,USD,85.2,86.05
2025-03-25,USD,85.3,86.15
2025-03-26,USD,85.3,86.15
2025-03-27,USD,85.5,86.35
2025-03-28,USD,85.1,85.95
2025-03-29,USD,85.1,85.95
2025-04-02,USD,85.25,86.1
2025-04-03,USD,85.15,86.0
2025-04-04,USD,84.8,85.65
2025-04-05,USD,85.1,85.95
2025-04-07,USD,85.3,86.15
2025-04-08,USD,85.7,86.55
2025-04-09,USD,86.25,87.1
2025-04-09,USD,86.2,87.05
2025-04-11,USD,85.7,86.55
2025-04-15,USD,85.35,86.2
2025-04-16,USD,85.2,86.05
2025-04-17,USD,85.1,85.95
2025-04-19,USD,85.0,85.85
2025-04-21,USD,84.7,85.55
2025-04-22,USD,84.75,85.6
2025-04-23,USD,84.9,85.75
2025-04-24,USD,85.2,86.05
2025-04-25,USD,85.1,85.95
2025-04-28,USD,84.65,85.5
2025-04-29,USD,84.7,85.55
2025-04-30,USD,84.25,85.1
2025-05-02,USD,83.6,84.45
2025-05-03,USD,84.1,84.95
2025-05-05,USD,83.85,84.7
2025-05-06,USD,83.85,84.7
2025-05-07,USD,84.26,85.11
2025-05-08,USD,84.85,85.7
2025-05-09,USD,85.3,86.15
2025-05-13,USD,85.0,85.85
2025-05-14,USD,84.85,85.7
2025-05-15,USD,85.1,85.95
2025-05-16,USD,85.0,85.85
2025-05-17,USD,85.1,85.95
2025-05-19,USD,85.1,85.95
2025-05-20,USD,85.1,85.95
2025-05-21,USD,85.2,86.05
2025-05-22,USD,85.4,86.25
2025-05-22,USD,85.6,86.45
2025-05-23,USD,84.75,85.6
2025-05-26,USD,84.6,85.45
2025-05-27,USD,84.95,85.8
2025-05-28,USD,85.2,86.05
2025-05-29,USD,85.1,85.95
2025-05-30,USD,84.9,85.75
2025-05-31,USD,85.1,85.95
2025-06-02,USD,85.1,85.95
2025-06-03,USD,85.1,85.95
2025-06-04,USD,85.5,86.35
2025-06-05,USD,85.45,86.3
2025-06-06,USD,85.5,86.35
2025-06-09,USD,85.2,86.05
2025-06-10,USD,85.2,86.05
2025-06-11,USD,85.1,85.95
2025-06-12,USD,85.05,85.9
2025-06-13,USD,85.75,86.6
2025-06-16,USD,85.6,86.45
2025-06-17,USD,85.6,86.45
2025-06-18,USD,85.95,86.8
2025-06-19,USD,86.35,87.2
2025-06-20,USD,86.2,87.05
2025-06-21,USD,86.15,87.0
2025-06-23,USD,86.35,87.2
2025-06-24,USD,85.75,86.6
2025-06-25,USD,85.6,86.45
2025-06-26,USD,85.3,86.15
2025-06-27,USD,85.1,85.95
2025-06-30,USD,85.1,85.95
2025-07-01,USD,85.2,86.05
2025-07-02,USD,85.2,86.05
2025-07-03,USD,84.9,85.75
2025-07-04,USD,85.0,85.85
2025-07-05,USD,85.1,85.95
2025-07-07,USD,85.4,86.25
2025-07-08,USD,85.3,86.15
2025-07-09,USD,85.45,86.3
2025-07-10,USD,85.2,86.05
2025-07-11,USD,85.4,86.25
2025-07-14,USD,85.6,86.45
2025-07-15,USD,85.55,86.4
2025-07-16,USD,85.6,86.45
2025-07-17,USD,85.5,86.35
2025-07-18,USD,85.6,86.45
2025-07-19,USD,85.7,86.55
2025-07-21,USD,85.9,86.75
2025-07-22,USD,85.85,86.7
2025-07-23,USD,86.0,86.85
2025-07-24,USD,85.9,86.75
2025-07-24,USD,85.9,86.75
2025-07-25,USD,86.15,87.0
2025-07-28,USD,86.05,86.9
2025-07-29,USD,86.4,87.25
2025-07-30,USD,86.9,87.75
2025-07-31,USD,87.15,88.0
2025-08-01,USD,86.95,87.8
2025-08-02,USD,86.85,87.7
2025-08-04,USD,87.15,88.0
2025-08-05,USD,87.45,88.3
2025-08-06,USD,87.3,88.15
2025-08-07,USD,87.3,88.15
2025-08-08,USD,87.15,88.0
2025-08-11,USD,87.1,87.95
2025-08-12,USD,87.3,88.15
2025-08-13,USD,87.0,87.85
2025-08-14,USD,87.1,87.95
2025-08-16,USD,87.1,87.95
2025-08-18,USD,87.05,87.9
2025-08-19,USD,86.6,87.45
2025-08-20,USD,86.75,87.6
2025-08-21,USD,86.6,87.45
2025-08-22,USD,86.95,87.8
2025-08-25,USD,87.0,87.85
2025-08-26,USD,87.34,88.19
2025-08-28,USD,87.12,87.97
2025-08-29,USD,87.8,88.65
2025-08-30,USD,87.7,88.55
2025-09-01,USD,87.8,88.65
2025-09-02,USD,87.7,88.55
2025-09-03,USD,87.7,88.55
2025-09-04,USD,87.7,88.55
2025-09-06,USD,87.75,88.6
2025-09-08,USD,87.6,88.45
2025-09-09,USD,87.6,88.45
2025-09-10,USD,87.75,88.6
2025-09-11,USD,87.95,88.8
2025-09-12,USD,87.95,88.8
2025-09-15,USD,87.85,88.7
2025-09-16,USD,87.65,88.5
2025-09-17,USD,87.45,88.3
2025-09-18,USD,87.55,88.4
2025-09-19,USD,87.8,88.65
2025-09-20,USD,87.7,88.55
2025-09-22,USD,87.8,88.65
2025-09-23,USD,88.2,89.05
2025-09-24,USD,88.45,89.3
2025-09-25,USD,88.3,89.15
2025-09-26,USD,88.35,89.2
2025-09-29,USD,88.25,89.1
2025-09-30,USD,88.35,89.2
2025-10-01,USD,88.4,89.25
2025-10-03,USD,88.25,89.1
2025-10-04,USD,88.3,89.15
2025-10-06,USD,88.3,89.15
2025-10-07,USD,88.35,89.2
2025-10-08,USD,88.36,89.21
2025-10-09,USD,88.35,89.2
2025-10-10,USD,88.37,89.22
2025-10-13,USD,88.35,89.2
2025-10-14,USD,88.34,89.19
2025-10-15,USD,87.7,88.55
2025-10-16,USD,87.4,88.25
2025-10-17,USD,87.4,88.25
2025-10-18,USD,87.6,88.45
2025-10-20,USD,87.5,88.35
2025-10-23,USD,87.4,88.25
2025-10-24,USD,87.4,88.25
2025-10-27,USD,87.8,88.65
2025-10-28,USD,87.9,88.75
2025-10-29,USD,87.8,88.65
2025-10-30,USD,88.2,89.05
2025-10-31,USD,88.2,89.05
2025-11-01,USD,88.3,89.15
2025-11-03,USD,88.36,89.21
2025-11-04,USD,88.09,88.94
2025-11-06,USD,88.16,89.01
2025-11-07,USD,88.25,89.1
2025-11-10,USD,88.25,89.1
2025-11-11,USD,88.25,89.1
2025-11-12,USD,88.2,89.05
2025-11-13,USD,88.25,89.1
2025-11-14,USD,88.3,89.15
2025-11-15,USD,88.31,89.16
2025-11-17,USD,88.32,89.17
2025-11-18,USD,88.25,89.1
2025-11-19,USD,88.2,89.05
2025-11-20,USD,88.2,89.05
2025-11-21,USD,88.25,89.1
2025-11-21,USD,88.95,89.8
2025-11-24,USD,88.75,89.6
2025-11-25,USD,88.65,89.5
2025-11-26,USD,88.8,89.65
2025-11-27,USD,88.8,89.65
2025-11-28,USD,89.0,89.85
2025-11-29,USD,88.95,89.8
2025-12-01,USD,89.3,90.15
2025-12-02,USD,89.3,90.15
2025-12-03,USD,89.7,90.55
2025-12-04,USD,89.6,90.45
2025-12-05,USD,89.44,90.29
2025-12-06,USD,89.5,90.35
2025-12-08,USD,89.65,90.5
2025-12-09,USD,89.7,90.55
2025-12-10,USD,89.45,90.3
2025-12-11,USD,89.95,90.8
2025-12-12,USD,90.0,90.85
2025-12-15,USD,90.3,91.15
2025-12-16,USD,90.6,91.45
2025-12-17,USD,89.65,90.85
2025-12-18,USD,89.75,90.6
2025-12-19,USD,89.8,90.65
2025-12-19,USD,89.35,90.2
2025-12-20,USD,89.15,90.0
2025-12-22,USD,89.3,90.15
2025-12-23,USD,89.25,90.1
2025-12-24,USD,89.15,90.0
2025-12-26,USD,89.45,90.3
2025-12-29,USD,89.5,90.35
2025-12-30,USD,89.5,90.35
2025-12-31,USD,89.47,90.32
2026-01-01,USD,89.5,90.35
2026-01-02,USD,89.7,90.55
2026-01-03,USD,89.6,90.45
2026-01-05,USD,89.8,90.65
2026-01-06,USD,89.82,90.67
2026-01-07,USD,89.5,90.35
2026-01-08,USD,89.6,90.45
2026-01-09,USD,89.65,90.5
2026-01-12,USD,89.8,90.65
2026-01-13,USD,89.85,90.7
2026-01-14,USD,89.75,90.6
2026-01-16,USD,90.3,91.15
2026-01-17,USD,90.35,91.2
2026-01-19,USD,90.3,91.15
2026-01-20,USD,90.5,91.35
2026-01-21,USD,91.3,92.15
2026-01-22,USD,91.1,91.95
2026-01-23,USD,91.45,92.3
2026-01-27,USD,91.35,92.2
2026-01-28,USD,91.2,92.05
2026-01-29,USD,91.58,92.43
2026-01-30,USD,91.5,92.35
2026-01-31,USD,91.35,92.2
2026-02-02,USD,91.2,92.05
2026-02-03,USD,89.75,90.6
2026-02-04,USD,90.0,90.85
2026-02-05,USD,90.05,90.9
2026-02-06,USD,90.4,91.25
2026-02-07,USD,90.2,91.05
2026-02-09,USD,90.15,91.0
2026-02-10,USD,90.25,91.1
2026-02-11,USD,90.1,90.95
2026-02-12,USD,90.1,90.95
2026-02-13,USD,90.25,91.1
2026-02-16,USD,90.2,91.05
2026-02-17,USD,90.3,91.15
2026-02-18,USD,90.2,91.05
2026-02-20,USD,90.52,91.37
2026-02-21,USD,90.35,91.2
2026-02-23,USD,90.3,91.15
2026-02-24,USD,90.53,91.38
2026-02-25,USD,90.54,91.39
2026-02-26,USD,90.45,91.3
2026-02-27,USD,90.56,91.41
2026-03-02,USD,90.95,91.8
2026-03-04,USD,91.82,92.67
2026-03-05,USD,91.2,92.05
2026-03-06,USD,91.23,92.08
2026-03-07,USD,91.5,92.35
2026-03-09,USD,91.8,92.65
2026-03-10,USD,91.35,92.2
2026-03-11,USD,91.5,92.35
2026-03-12,USD,91.9,92.75
2026-03-13,USD,91.93,92.78
2026-03-16,USD,92.03,92.88
2026-03-17,USD,91.95,92.8
2026-03-18,USD,92.15,93.0
2026-03-20,USD,92.95,93.8
2026-03-23,USD,93.45,94.3
2026-03-24,USD,93.35,94.2
2026-03-25,USD,93.55,94.4
2026-03-27,USD,94.35,95.2
2026-03-30,USD,94.25,95.75
2026-03-31,USD,93.15,94.65
2026-04-02,USD,92.15,93.65
2026-04-04,USD,92.5,93.35
2026-04-06,USD,92.15,93.65
2026-04-07,USD,92.25,93.75
2026-04-08,USD,91.9,93.4
2026-04-09,USD,92.45,93.3
2026-04-10,USD,92.4,93.25
2026-04-13,USD,92.9,93.75
2026-04-15,USD,92.95,93.8
2026-04-16,USD,92.9,93.75
2026-04-17,USD,92.5,93.35
2026-04-18,USD,92.2,93.05
2026-04-20,USD,92.8,93.65
2026-04-21,USD,93.08,93.93
2026-04-22,USD,93.3,94.15
2026-04-23,USD,93.65,94.5
2026-04-24,USD,93.85,94.7
2026-04-27,USD,93.9,94.75
2026-04-28,USD,94.05,94.9
2026-04-29,USD,94.35,95.2
2026-04-30,USD,94.6,95.45
2026-05-02,USD,94.5,95.35
2026-05-04,USD,94.55,95.4
2026-05-05,USD,94.9,95.75
2026-05-06,USD,94.25,95.1
2026-05-07,USD,93.7,94.55
2026-05-08,USD,94.0,94.85
2026-05-11,USD,94.8,95.65
2026-05-12,USD,95.25,96.1
2026-05-13,USD,95.2,96.05
2026-05-14,USD,95.3,96.15
2026-05-15,USD,95.6,96.45
2026-05-16,USD,95.55,96.4
2026-05-18,USD,95.78,96.63
2026-05-19,USD,96.1,96.95
2026-05-20,USD,96.45,97.3
2026-05-21,USD,95.95,96.8
2026-05-22,USD,95.45,96.3
2026-05-25,USD,94.95,95.8
2026-05-26,USD,95.3,96.15
2026-05-27,USD,95.35,96.2
2026-05-28,USD,95.3,96.15
2026-05-29,USD,94.6,95.45
2026-05-30,USD,94.6,95.45
2026-06-01,USD,94.4,95.25
2026-06-02,USD,94.8,95.65
2026-06-03,USD,95.2,96.05
2026-06-04,USD,95.3,96.15
2026-06-05,USD,94.55,95.4
2026-06-06,USD,94.55,95.4
2026-06-08,USD,95.3,96.15
2026-06-09,USD,95.05,95.9
2026-06-10,USD,94.85,95.7
